{"cameraMode":{"drawMode":0,"name":"Shaded","section":"Shading Mode"},"sceneLighting":false,"audioPlay":false,"sceneViewState":{"showFog":true,"showMaterialUpdate":false,"showSkybox":false,"showFlares":true,"showImageEffects":true,"showParticleSystems":true},"in2DMode":false,"pivot":{"x":4.320000171661377,"y":0.5339999198913574,"z":-0.047711923718452457},"rotation":{"x":-0.1213909387588501,"y":0.043756257742643359,"z":-0.005356493405997753,"w":-0.9916254281997681},"size":4.936318874359131,"orthographic":false}