{"cameraMode":{"drawMode":0,"name":"Shaded","section":"Shading Mode"},"sceneLighting":false,"audioPlay":false,"sceneViewState":{"showFog":true,"showMaterialUpdate":false,"showSkybox":false,"showFlares":true,"showImageEffects":true,"showParticleSystems":true},"in2DMode":false,"pivot":{"x":-0.9616951942443848,"y":0.29813092947006228,"z":0.003912925720214844},"rotation":{"x":-0.08115050196647644,"y":-0.04125453159213066,"z":0.0033617429435253145,"w":-0.9958420395851135},"size":13.623332023620606,"orthographic":false}